{"pos": [960.0, 864.0], "water_grid_shape": [6, 20], "water_grid_pos": [0, 900], "leaf": {"mass": 0.8, "leaves": [{"x": 960, "y": 820, "t": [0, 1], "shadow_score": 0, "offset_x": 13.380782918149468, "offset_y": 32.21739130434782, "mass": 0.0001, "base_image_id": 5, "direction": -3, "age": 0, "lifetime": 864000, "growth_index": 0}]}, "stem": {"mass": 0.9, "curve": {"branches": [{"branch": [[955, 900], [960, 820], [940, 750]]}]}}, "root": {"mass": 3.1525512415424837, "roots": {"root_grid": {"1": 1.0, "2": 0.0, "3": 0.0, "4": 0.0, "5": 0.0, "6": 0.0, "7": 0.0, "8": 0.0, "9": 0.0, "10": 1.0, "11": 0.0, "12": 0.0, "13": 0.0, "14": 0.0, "15": 0.0, "16": 0.0, "17": 0.0, "18": 0.0, "19": 0.0, "20": 0.0, "21": 0.0, "22": 0.0, "23": 0.0, "24": 0.0, "25": 0.0, "26": 0.0, "27": 0.0, "28": 0.0, "29": 0.0, "30": 0.0, "31": 0.0, "32": 0.0, "33": 0.0, "34": 0.0, "35": 0.0, "36": 0.0, "37": 0.0, "38": 0.0, "39": 0.0, "40": 0.0, "41": 0.0, "42": 0.0, "43": 0.0, "44": 0.0, "45": 0.0, "46": 0.0, "47": 0.0, "48": 0.0, "49": 0.0, "50": 0.0, "51": 0.0, "52": 0.0, "53": 0.0, "54": 0.0, "55": 0.0, "56": 0.0, "57": 0.0, "58": 0.0, "59": 0.0, "60": 0.0, "61": 0.0, "62": 0.0, "63": 0.0, "64": 0.0, "65": 0.0, "66": 0.0, "67": 0.0, "68": 0.0, "69": 0.0, "70": 0.0, "71": 0.0, "72": 0.0, "73": 0.0, "74": 0.0, "75": 0.0, "76": 0.0, "77": 0.0, "78": 0.0, "79": 0.0, "80": 0.0, "81": 0.0, "82": 0.0, "83": 0.0, "84": 0.0, "85": 0.0, "86": 0.0, "87": 0.0, "88": 0.0, "89": 0.0, "90": 0.0, "91": 0.0, "92": 0.0, "93": 0.0, "94": 0.0, "95": 0.0, "96": 0.0, "97": 0.0, "98": 0.0, "99": 0.0, "100": 0.0, "101": 0.0, "102": 0.0, "103": 0.0, "104": 0.0, "105": 0.0, "106": 0.0, "107": 0.0, "108": 0.0, "109": 0.0, "110": 0.0, "111": 0.0, "112": 0.0, "113": 0.0, "114": 0.0, "115": 0.0, "116": 0.0, "117": 0.0, "118": 0.0, "119": 0.0, "120": 0.0}, "water_grid_pos": [0, 900], "positions": [[955.0, 904.0]], "directions": [], "root_classes": [[{"max_length": 150, "duration": 4, "tries": 5, "max_branches": 5}, {"max_length": 100, "duration": 2, "tries": 4, "max_branches": 5}, {"max_length": 30, "duration": 1, "tries": 1, "max_branches": 0}], [{"max_length": 600, "duration": 5, "tries": 5, "max_branches": 5}, {"max_length": 250, "duration": 3, "tries": 4, "max_branches": 3}, {"max_length": 50, "duration": 2, "tries": 1, "max_branches": 0}], [{"max_length": 800, "duration": 6, "tries": 6, "max_branches": 3}, {"max_length": 450, "duration": 4, "tries": 5, "max_branches": 2}, {"max_length": 90, "duration": 2, "tries": 1, "max_branches": 0}]], "first_letters": [{"id": 99, "tier": 0, "root_class": 0, "length": 30.0, "max_length": 30.0, "mass_start": 2.0, "mass_end": 2.8, "branching_t": null, "branches": [{"id": 200, "tier": 0, "root_class": 0, "length": 13.220671557843144, "max_length": 90.0, "mass_start": 2.8, "mass_end": 5.2, "branching_t": [0.411638898072343, 0.5190261391845715, 0.6318933212912845, 0.737357664771131, 0.7738252670208535], "branches": [{"id": 300, "tier": 0, "root_class": 0, "length": 0, "max_length": 30.0, "mass_start": 5.2, "mass_end": 6.0, "branching_t": null, "branches": [], "max_branches": null, "t": 1, "pos": [947.2015521392372, 943.7811010708091], "dir": [-0.24282030895510281, 0.9700712847821795]}], "max_branches": 5, "t": 1, "pos": [0, 0], "dir": [0.34162524494743507, 0.9398362580868036]}], "max_branches": null, "t": null, "pos": [0, 0], "dir": [-0.4104987673360228, 0.9118611528163736]}]}}, "flower": {"mass": 0.01, "flowers": [{"x": 940, "y": 750, "t": [0, 2], "offset_x": 32.0, "offset_y": 32.0, "mass": 0.01, "seed_mass": 0, "maximum_seed_mass": 1, "pollinated": false, "flowering": false, "maximum_mass": 10, "lifetime": 864000, "growth_index": 0}]}}